,roc,acc,recall,cm,sensitivity,specificity
svm,0.8167069567553049,0.7323290845886443,0.6729411764705883,"[[346  92]
 [139 286]]",0.6729411764705883,0.7899543378995434
knn,0.7503357507386517,0.6628041714947857,0.4823529411764706,"[[367  71]
 [220 205]]",0.4823529411764706,0.8378995433789954
naive bayes,0.8052054794520548,0.7103128621089224,0.5505882352941176,"[[379  59]
 [191 234]]",0.5505882352941176,0.865296803652968
mlp,0.7291807681976901,0.6778679026651216,0.6658823529411765,"[[302 136]
 [142 283]]",0.6658823529411765,0.6894977168949772
random forest,0.8211952726295998,0.7508690614136733,0.731764705882353,"[[337 101]
 [114 311]]",0.731764705882353,0.769406392694064
gradient boost,0.8139511146924523,0.7473928157589803,0.7364705882352941,"[[332 106]
 [112 313]]",0.7364705882352941,0.7579908675799086
logistic,0.8160408272898201,0.7369640787949016,0.691764705882353,"[[342  96]
 [131 294]]",0.691764705882353,0.7808219178082192
adaboost,0.780744023636852,0.7161066048667439,0.6870588235294117,"[[326 112]
 [133 292]]",0.6870588235294117,0.7442922374429224
xgboost,0.8003438087563793,0.7253765932792584,0.7270588235294118,"[[317 121]
 [116 309]]",0.7270588235294118,0.723744292237443
