,roc,acc,recall,cm,sensitivity,specificity
svm,0.6161509535320977,0.6257242178447276,0.8047058823529412,"[[198 240]
 [ 83 342]]",0.8047058823529412,0.4520547945205479
knn,0.75197958635509,0.6813441483198146,0.5505882352941176,"[[354  84]
 [191 234]]",0.5505882352941176,0.8082191780821918
naive bayes,0.8092130002686007,0.7172653534183082,0.5529411764705883,"[[384  54]
 [190 235]]",0.5529411764705883,0.8767123287671232
mlp,0.5377491270480794,0.5596755504055619,0.5764705882352941,"[[238 200]
 [180 245]]",0.5764705882352941,0.54337899543379
random forest,0.8179129734085415,0.7520278099652375,0.7270588235294118,"[[340  98]
 [116 309]]",0.7270588235294118,0.776255707762557
gradient boost,0.8099811979586355,0.7311703360370799,0.7082352941176471,"[[330 108]
 [124 301]]",0.7082352941176471,0.7534246575342466
logistic,0.8181412839108246,0.7415990730011588,0.7105882352941176,"[[338 100]
 [123 302]]",0.7105882352941176,0.771689497716895
adaboost,0.7994842868654312,0.7288528389339514,0.7058823529411765,"[[329 109]
 [125 300]]",0.7058823529411765,0.7511415525114156
xgboost,0.8043459575611067,0.7323290845886443,0.7058823529411765,"[[332 106]
 [125 300]]",0.7058823529411765,0.7579908675799086
