,roc,acc,recall,cm,sensitivity,specificity
svm,0.825522428149342,0.746234067207416,0.6894117647058824,"[[351  87]
 [132 293]]",0.6894117647058824,0.8013698630136986
knn,0.7516330915928016,0.6616454229432214,0.47294117647058825,"[[370  68]
 [224 201]]",0.47294117647058825,0.8447488584474886
naive bayes,0.8055251141552512,0.7114716106604867,0.548235294117647,"[[381  57]
 [192 233]]",0.548235294117647,0.8698630136986302
mlp,0.7384985226967499,0.6952491309385863,0.6729411764705883,"[[314 124]
 [139 286]]",0.6729411764705883,0.7168949771689498
random forest,0.8276094547408005,0.7497103128621089,0.7388235294117647,"[[333 105]
 [111 314]]",0.7388235294117647,0.7602739726027398
gradient boost,0.8168627450980391,0.7497103128621089,0.7270588235294118,"[[338 100]
 [116 309]]",0.7270588235294118,0.771689497716895
logistic,0.8271931238248724,0.7520278099652375,0.7058823529411765,"[[349  89]
 [125 300]]",0.7058823529411765,0.7968036529680366
adaboost,0.8049852269674994,0.7369640787949016,0.6941176470588235,"[[341  97]
 [130 295]]",0.6941176470588235,0.7785388127853882
xgboost,0.8064679022293848,0.7207415990730012,0.7105882352941176,"[[320 118]
 [123 302]]",0.7105882352941176,0.730593607305936
