,roc,acc,recall,cm,sensitivity,specificity
svm,0.8223851732473811,0.7358053302433372,0.6823529411764706,"[[345  93]
 [135 290]]",0.6823529411764706,0.7876712328767124
knn,0.7436878861133494,0.6558516801853997,0.4823529411764706,"[[361  77]
 [220 205]]",0.4823529411764706,0.8242009132420092
naive bayes,0.8057883427343542,0.712630359212051,0.5529411764705883,"[[380  58]
 [190 235]]",0.5529411764705883,0.867579908675799
mlp,0.7182326081117378,0.660486674391657,0.6705882352941176,"[[285 153]
 [140 285]]",0.6705882352941176,0.6506849315068494
random forest,0.8140746709642761,0.7392815758980301,0.7294117647058823,"[[328 110]
 [115 310]]",0.7294117647058823,0.7488584474885844
gradient boost,0.8027827021219446,0.7311703360370799,0.7411764705882353,"[[316 122]
 [110 315]]",0.7411764705882353,0.7214611872146118
logistic,0.8252108514638732,0.7427578215527231,0.6964705882352941,"[[345  93]
 [129 296]]",0.6964705882352941,0.7876712328767124
adaboost,0.7665001343002954,0.6987253765932793,0.6870588235294117,"[[311 127]
 [133 292]]",0.6870588235294117,0.7100456621004566
xgboost,0.7903733548213806,0.7253765932792584,0.7341176470588235,"[[314 124]
 [113 312]]",0.7341176470588235,0.7168949771689498
