,roc,acc,recall,cm,sensitivity,specificity
svm,0.620013430029546,0.5863267670915412,0.6517647058823529,"[[229 209]
 [148 277]]",0.6517647058823529,0.5228310502283106
knn,0.7361804995970991,0.6685979142526072,0.5458823529411765,"[[345  93]
 [193 232]]",0.5458823529411765,0.7876712328767124
naive bayes,0.8110260542573193,0.712630359212051,0.5411764705882353,"[[385  53]
 [195 230]]",0.5411764705882353,0.8789954337899544
mlp,0.5964329841525652,0.6048667439165701,0.64,"[[250 188]
 [153 272]]",0.64,0.5707762557077626
random forest,0.8183830244426538,0.7392815758980301,0.7152941176470589,"[[334 104]
 [121 304]]",0.7152941176470589,0.7625570776255708
gradient boost,0.8160945474080042,0.7334878331402086,0.7152941176470589,"[[329 109]
 [121 304]]",0.7152941176470589,0.7511415525114156
logistic,0.8196454472199838,0.7346465816917729,0.7082352941176471,"[[333 105]
 [124 301]]",0.7082352941176471,0.7602739726027398
adaboost,0.8017485898468976,0.7334878331402086,0.6964705882352941,"[[337 101]
 [129 296]]",0.6964705882352941,0.769406392694064
xgboost,0.8113403169486973,0.7300115874855156,0.7223529411764706,"[[323 115]
 [118 307]]",0.7223529411764706,0.7374429223744292
