,roc,acc,recall,cm,sensitivity,specificity
svm,0.8239296266451785,0.746234067207416,0.6823529411764706,"[[354  84]
 [135 290]]",0.6823529411764706,0.8082191780821918
knn,0.7479210314262692,0.6477404403244496,0.45176470588235296,"[[367  71]
 [233 192]]",0.45176470588235296,0.8378995433789954
naive bayes,0.8055412301907064,0.7103128621089224,0.5505882352941176,"[[379  59]
 [191 234]]",0.5505882352941176,0.865296803652968
mlp,0.7404727370400215,0.6917728852838934,0.6776470588235294,"[[309 129]
 [137 288]]",0.6776470588235294,0.7054794520547946
random forest,0.828423314531292,0.7543453070683661,0.731764705882353,"[[340  98]
 [114 311]]",0.731764705882353,0.776255707762557
gradient boost,0.8175073865162503,0.7427578215527231,0.7247058823529412,"[[333 105]
 [117 308]]",0.7247058823529412,0.7602739726027398
logistic,0.8260435132957292,0.7497103128621089,0.7035294117647058,"[[348  90]
 [126 299]]",0.7035294117647058,0.7945205479452054
adaboost,0.7857050765511684,0.7311703360370799,0.7035294117647058,"[[332 106]
 [126 299]]",0.7035294117647058,0.7579908675799086
xgboost,0.7991888262154176,0.7311703360370799,0.7082352941176471,"[[330 108]
 [124 301]]",0.7082352941176471,0.7534246575342466
