,roc,acc,recall,cm,sensitivity,specificity
svm,0.8312651087832393,0.7520278099652375,0.6870588235294117,"[[357  81]
 [133 292]]",0.6870588235294117,0.815068493150685
knn,0.7670937416062314,0.6720741599073001,0.48705882352941177,"[[373  65]
 [218 207]]",0.48705882352941177,0.8515981735159818
naive bayes,0.8089873757722267,0.7137891077636153,0.5529411764705883,"[[381  57]
 [190 235]]",0.5529411764705883,0.8698630136986302
mlp,0.727628256782165,0.6871378910776361,0.6611764705882353,"[[312 126]
 [144 281]]",0.6611764705882353,0.7123287671232876
random forest,0.821853344077357,0.7473928157589803,0.7247058823529412,"[[337 101]
 [117 308]]",0.7247058823529412,0.769406392694064
gradient boost,0.8211281224818695,0.7450753186558516,0.7223529411764706,"[[336 102]
 [118 307]]",0.7223529411764706,0.7671232876712328
logistic,0.8272414719312382,0.7439165701042874,0.6988235294117647,"[[345  93]
 [128 297]]",0.6988235294117647,0.7876712328767124
adaboost,0.8080150416330916,0.7404403244495944,0.7176470588235294,"[[334 104]
 [120 305]]",0.7176470588235294,0.7625570776255708
xgboost,0.7981681439699168,0.7427578215527231,0.7364705882352941,"[[328 110]
 [112 313]]",0.7364705882352941,0.7488584474885844
